ipca,spread_pf,spread_pj,spread_tot,selic,cdi,dolar_ptax,rendimento_medio_mensal_reais,tx_informalidade_p14m_ocupadas_pct,pessoas_14mais_mil,p14m_forca_trabalho_mil,p14m_ocupadas_mil,p14m_desocupadas_mil,p14m_fora_forca_trabalho_mil,tx_foca_trabalho_p14m_pct,tx_desocupacao_p14m_pct,insolacao_total_h,precipitacao_total_mm,temp_max_media_c,umidade_media_pct,selic_lag_3,selic_lag_6,selic_lag_12,ipca_lag_3,ipca_lag_6,ipca_lag_12,tx_desocupacao_p14m_pct_lag_3,tx_desocupacao_p14m_pct_lag_6,tx_desocupacao_p14m_pct_lag_12,rendimento_medio_mensal_reais_lag_3,rendimento_medio_mensal_reais_lag_6,rendimento_medio_mensal_reais_lag_12,dolar_ptax_lag_3,dolar_ptax_lag_6,dolar_ptax_lag_12,mes,trimestre,flag_safra,inad_anterior
0.39,28.63,11.64,20.56,0.052531,0.052461,3.973742105263157,1941.0,38.3,160845.0,101062.0,89909.0,11153.0,59783.0,62.8,11.0,209.15,122.58,32.24,74.66,0.052531,0.052531,0.045513,1.09,0.32,2.37,9.1,9.0,8.0,1792.0,1792.0,1792.0,3.77646,3.5143047619047616,2.81645,2,1,1,4.3
-0.36,29.8,11.73,21.28,0.052531,0.052461,3.7039181818181817,1941.0,38.3,160845.0,101062.0,89909.0,11153.0,59783.0,62.8,11.0,194.81,172.89,31.47,76.29,0.052531,0.052531,0.0470381818181818,0.53,0.92,3.36,9.1,9.0,8.0,1792.0,1792.0,1792.0,3.871136363636363,3.906457142857143,3.1394772727272726,3,1,1,4.3
0.69,31.07,11.64,21.99,0.052531,0.052461,3.5658450000000004,1941.0,38.7,161266.0,101409.0,89827.0,11583.0,59857.0,62.9,11.4,208.04,97.99,31.53,73.18,0.052531,0.052531,0.04737575,1.75,1.39,0.78,11.0,9.1,8.4,1941.0,1792.0,1792.0,4.05235,3.8801380952380953,3.0432200000000003,4,2,1,4.25
1.4,31.57,11.67,22.32,0.052531,0.0524609999999999,3.539290476190476,1941.0,38.7,161266.0,101409.0,89827.0,11583.0,59857.0,62.9,11.4,201.5,77.13,29.38,74.86,0.052531,0.052531,0.049037,0.39,1.09,1.22,11.0,9.1,8.4,1941.0,1792.0,1792.0,3.973742105263157,3.77646,3.061715,5,2,1,4.3
0.24,31.22,11.67,22.17,0.052531,0.052461,3.4244772727272728,1941.0,38.7,161266.0,101409.0,89827.0,11583.0,59857.0,62.9,11.4,209.3,58.81,28.17,73.14,0.052531,0.052531,0.0505378571428571,-0.36,0.53,1.12,11.0,9.1,8.4,1941.0,1792.0,1792.0,3.7039181818181817,3.871136363636363,3.1117380952380955,6,2,0,4.32
-0.1,31.52,12.25,22.68,0.052531,0.0524609999999999,3.2755666666666667,1941.0,38.4,161692.0,100949.0,88939.0,12010.0,60744.0,62.4,11.9,239.33,39.73,29.18,68.24,0.052531,0.052531,0.0509395652173913,0.69,1.75,1.17,11.4,11.0,9.0,1941.0,1941.0,1792.0,3.5658450000000004,4.05235,3.223143478260869,7,3,0,4.05
0.26,31.78,12.34,22.93,0.052531,0.052461,3.209660869565217,1941.0,38.4,161692.0,100949.0,88939.0,12010.0,60744.0,62.4,11.9,244.06,37.82,30.51,65.62,0.052531,0.052531,0.052531,1.4,0.39,0.32,11.4,11.0,9.0,1941.0,1941.0,1792.0,3.539290476190476,3.973742105263157,3.5143047619047616,8,3,0,4.1
0.37,32.6,11.72,23.12,0.052531,0.0524609999999999,3.2563714285714283,1941.0,38.4,161692.0,100949.0,88939.0,12010.0,60744.0,62.4,11.9,228.83,44.94,31.24,65.04,0.052531,0.052531,0.052531,0.24,-0.36,0.92,11.4,11.0,9.0,1941.0,1941.0,1792.0,3.4244772727272728,3.7039181818181817,3.906457142857143,9,3,0,4.12
0.54,33.07,12.15,23.61,0.0521826,0.052113,3.185845,1941.0,39.1,162113.0,101562.0,89239.0,12323.0,60551.0,62.6,12.1,226.67,92.42,31.66,67.55,0.052531,0.052531,0.052531,-0.1,0.69,1.39,11.9,11.4,9.1,1941.0,1941.0,1792.0,3.2755666666666667,3.5658450000000004,3.8801380952380953,10,4,0,4.18
0.22,32.85,11.47,23.23,0.05166,0.051591,3.34203,1941.0,39.1,162113.0,101562.0,89239.0,12323.0,60551.0,62.6,12.1,207.07,133.18,31.48,70.72,0.052531,0.052531,0.052531,0.26,1.4,1.09,11.9,11.4,9.1,1941.0,1941.0,1792.0,3.209660869565217,3.539290476190476,3.77646,11,4,0,4.18
-0.01,31.73,10.74,22.31,0.0507879999999999,0.050718,3.352268181818182,1941.0,39.1,162113.0,101562.0,89239.0,12323.0,60551.0,62.6,12.1,196.76,153.33,31.67,73.49,0.052531,0.052531,0.052531,0.37,0.24,0.53,11.9,11.4,9.1,1941.0,1941.0,1792.0,3.2563714285714283,3.4244772727272728,3.871136363636363,12,4,0,4.09
0.8,32.53,12.35,23.59,0.049115,0.049045,3.196609090909091,2014.0,39.3,162530.0,102010.0,87880.0,14130.0,60519.0,62.8,13.9,207.85,161.17,31.9,74.4,0.0521826,0.052531,0.052531,0.54,-0.1,1.75,12.1,11.9,11.0,1941.0,1941.0,1941.0,3.185845,3.2755666666666667,4.05235,1,1,0,3.95
0.58,32.9,11.67,23.55,0.047865,0.0477948888888888,3.1041944444444445,2014.0,39.3,162530.0,102010.0,87880.0,14130.0,60519.0,62.8,13.9,165.78,170.74,31.26,77.05,0.05166,0.052531,0.052531,0.22,0.26,0.39,12.1,11.9,11.0,1941.0,1941.0,1941.0,3.34203,3.209660869565217,3.973742105263157,2,1,1,3.98
0.48,32.6,11.79,23.5,0.045513,0.045442,3.127930434782609,2014.0,39.3,162530.0,102010.0,87880.0,14130.0,60519.0,62.8,13.9,190.83,175.54,31.03,77.26,0.0507879999999999,0.052531,0.052531,-0.01,0.37,-0.36,12.1,11.9,11.0,1941.0,1941.0,1941.0,3.352268181818182,3.2563714285714283,3.7039181818181817,3,1,1,4.0
-0.6,30.28,11.34,22.01,0.0435374444444444,0.0434664444444444,3.136172222222222,2014.0,39.8,162930.0,102588.0,89163.0,13425.0,60343.0,63.0,13.1,192.15,135.39,30.08,77.41,0.049115,0.0521826,0.052531,0.8,0.54,0.69,13.9,12.1,11.4,2014.0,1941.0,1941.0,3.196609090909091,3.185845,3.5658450000000004,4,2,1,4.01
1.56,28.11,11.18,20.77,0.041957,0.041886,3.209509090909091,2014.0,39.8,162930.0,102588.0,89163.0,13425.0,60343.0,63.0,13.1,192.3,116.71,29.42,77.27,0.047865,0.05166,0.052531,0.58,0.22,1.4,13.9,12.1,11.4,2014.0,1941.0,1941.0,3.1041944444444445,3.34203,3.539290476190476,5,2,1,4.04
-0.83,28.08,10.78,20.64,0.03837,0.038334,3.2953666666666663,2014.0,39.8,162930.0,102588.0,89163.0,13425.0,60343.0,63.0,13.1,204.92,70.55,28.93,74.17,0.045513,0.0507879999999999,0.052531,0.48,-0.01,0.24,13.9,12.1,11.4,2014.0,1941.0,1941.0,3.127930434782609,3.352268181818182,3.4244772727272728,6,2,0,4.1
1.28,28.92,11.4,21.41,0.0378527142857142,0.0378167142857142,3.206138095238096,2014.0,40.2,163330.0,103070.0,90176.0,12894.0,60260.0,63.1,12.5,216.97,56.54,27.83,69.88,0.0435374444444444,0.049115,0.052531,-0.6,0.8,-0.1,13.1,13.9,11.9,2014.0,2014.0,1941.0,3.136172222222222,3.196609090909091,3.2755666666666667,7,3,0,3.85
1.73,28.56,11.37,21.28,0.034749,0.034713,3.150917391304348,2014.0,40.2,163330.0,103070.0,90176.0,12894.0,60260.0,63.1,12.5,241.29,36.71,30.34,65.92,0.041957,0.047865,0.052531,1.56,0.58,0.26,13.1,13.9,11.9,2014.0,2014.0,1941.0,3.209509090909091,3.1041944444444445,3.209660869565217,8,3,0,3.95
0.24,26.98,10.45,20.01,0.0318266,0.0317898,3.13479,2014.0,40.2,163330.0,103070.0,90176.0,12894.0,60260.0,63.1,12.5,230.04,40.85,31.48,63.1,0.03837,0.045513,0.052531,-0.83,0.48,0.37,13.1,13.9,11.9,2014.0,2014.0,1941.0,3.2953666666666663,3.127930434782609,3.2563714285714283,9,3,0,3.93
0.98,27.32,11.22,20.58,0.0305697142857142,0.0305327142857142,3.191228571428572,2014.0,40.3,163716.0,103345.0,91066.0,12279.0,60371.0,63.1,11.9,227.0,70.84,32.52,65.11,0.0378527142857142,0.0435374444444444,0.0521826,1.28,-0.6,0.54,12.5,13.1,12.1,2014.0,2014.0,1941.0,3.206138095238096,3.136172222222222,3.185845,10,4,0,3.87
1.32,26.65,10.77,20.05,0.028333,0.0282959999999999,3.25938,2014.0,40.3,163716.0,103345.0,91066.0,12279.0,60371.0,63.1,11.9,197.78,123.83,31.35,72.08,0.034749,0.041957,0.05166,1.73,1.56,0.22,12.5,13.1,12.1,2014.0,2014.0,1941.0,3.150917391304348,3.209509090909091,3.34203,11,4,0,3.87
0.21,25.13,9.78,18.75,0.0268514,0.0268144,3.2919150000000004,2014.0,40.3,163716.0,103345.0,91066.0,12279.0,60371.0,63.1,11.9,178.78,162.04,31.55,74.97,0.0318266,0.03837,0.0507879999999999,0.24,-0.83,-0.01,12.5,13.1,12.1,2014.0,2014.0,1941.0,3.13479,3.2953666666666663,3.352268181818182,12,4,0,3.77
0.2,25.63,10.88,19.44,0.026481,0.026444,3.2106090909090907,2141.0,40.2,164099.0,103362.0,89691.0,13671.0,60736.0,63.0,13.2,192.35,165.55,31.62,75.4,0.0305697142857142,0.0378527142857142,0.049115,0.98,1.28,0.8,11.9,12.5,13.9,2014.0,2014.0,2014.0,3.191228571428572,3.206138095238096,3.196609090909091,1,1,0,3.53
0.55,26.63,10.9,20.08,0.0258100555555555,0.0257730555555555,3.2415000000000003,2141.0,40.2,164099.0,103362.0,89691.0,13671.0,60736.0,63.0,13.2,155.03,222.61,30.46,79.35,0.028333,0.034749,0.047865,1.32,1.73,0.58,11.9,12.5,13.9,2014.0,2014.0,2014.0,3.25938,3.150917391304348,3.1041944444444445,2,1,1,3.72
0.23,26.58,9.88,19.63,0.0252857142857142,0.0252487142857142,3.2792142857142856,2141.0,40.2,164099.0,103362.0,89691.0,13671.0,60736.0,63.0,13.2,191.0,179.91,31.25,78.82,0.0268514,0.0318266,0.045513,0.21,0.24,0.48,11.9,12.5,13.9,2014.0,2014.0,2014.0,3.2919150000000004,3.13479,3.127930434782609,3,1,1,3.7
0.6,26.55,9.31,19.39,0.02462,0.024583,3.407495238095238,2141.0,40.3,164466.0,103160.0,90212.0,12948.0,61306.0,62.7,12.6,172.47,163.83,29.88,79.74,0.026481,0.0305697142857142,0.0435374444444444,0.2,0.98,-0.6,13.2,11.9,13.1,2141.0,2014.0,2014.0,3.2106090909090907,3.191228571428572,3.136172222222222,4,2,1,3.64
1.37,24.72,8.93,18.18,0.02462,0.024583,3.636057142857143,2141.0,40.3,164466.0,103160.0,90212.0,12948.0,61306.0,62.7,12.6,200.61,86.71,29.2,76.06,0.0258100555555555,0.028333,0.041957,0.55,1.32,1.56,13.2,11.9,13.1,2141.0,2014.0,2014.0,3.2415000000000003,3.25938,3.209509090909091,5,2,1,3.62
2.49,23.75,8.19,17.31,0.02462,0.024583,3.773171428571428,2141.0,40.3,164466.0,103160.0,90212.0,12948.0,61306.0,62.7,12.6,204.1,52.41,28.71,73.95,0.0252857142857142,0.0268514,0.03837,0.23,0.21,-0.83,13.2,11.9,13.1,2141.0,2014.0,2014.0,3.2792142857142856,3.2919150000000004,3.2953666666666663,6,2,0,3.59
0.89,23.48,8.67,17.35,0.02462,0.024583,3.828763636363637,2141.0,40.7,164841.0,104102.0,91607.0,12495.0,60739.0,63.2,12.0,226.82,49.19,29.14,70.21,0.02462,0.026481,0.0378527142857142,0.6,0.2,1.28,12.6,13.2,12.5,2141.0,2141.0,2014.0,3.407495238095238,3.2106090909090907,3.206138095238096,7,3,0,3.47
0.12,23.18,8.45,17.12,0.02462,0.024583,3.9297565217391295,2141.0,40.7,164841.0,104102.0,91607.0,12495.0,60739.0,63.2,12.0,231.12,44.9,29.69,68.21,0.02462,0.0258100555555555,0.034749,1.37,0.55,1.73,12.6,13.2,12.5,2141.0,2141.0,2014.0,3.636057142857143,3.2415000000000003,3.150917391304348,8,3,0,3.5
0.96,22.95,8.45,17.03,0.02462,0.024583,4.1165473684210525,2141.0,40.7,164841.0,104102.0,91607.0,12495.0,60739.0,63.2,12.0,224.62,54.16,31.54,66.55,0.02462,0.0252857142857142,0.0318266,2.49,0.23,0.24,12.6,13.2,12.5,2141.0,2141.0,2014.0,3.773171428571428,3.2792142857142856,3.13479,9,3,0,3.49
0.54,23.63,9.0,17.71,0.02462,0.02462,3.758409090909091,2141.0,40.8,165213.0,104367.0,92152.0,12215.0,60845.0,63.2,11.7,211.58,95.29,31.89,70.23,0.02462,0.02462,0.0305697142857142,0.89,0.6,0.98,12.0,12.6,11.9,2141.0,2141.0,2014.0,3.828763636363637,3.407495238095238,3.191228571428572,10,4,0,3.41
-1.0,23.89,8.97,17.91,0.02462,0.02462,3.786665,2141.0,40.8,165213.0,104367.0,92152.0,12215.0,60845.0,63.2,11.7,186.06,155.38,31.16,74.09,0.02462,0.02462,0.028333,0.12,1.37,1.32,12.0,12.6,11.9,2141.0,2141.0,2014.0,3.9297565217391295,3.636057142857143,3.25938,11,4,0,3.37
-0.89,22.66,8.03,16.73,0.02462,0.02462,3.885055,2141.0,40.8,165213.0,104367.0,92152.0,12215.0,60845.0,63.2,11.7,194.01,174.4,31.33,75.86,0.02462,0.02462,0.0268514,0.96,2.49,0.21,12.0,12.6,11.9,2141.0,2141.0,2014.0,4.1165473684210525,3.773171428571428,3.2919150000000004,12,4,0,3.3
0.05,24.18,9.55,18.29,0.02462,0.02462,3.7416818181818186,2220.0,40.5,165581.0,104641.0,91203.0,13439.0,60939.0,63.2,12.8,212.22,134.91,32.47,74.5,0.02462,0.02462,0.026481,0.54,0.89,0.2,11.7,12.0,13.2,2141.0,2141.0,2141.0,3.758409090909091,3.828763636363637,3.2106090909090907,1,1,0,3.25
0.29,24.86,9.34,18.7,0.02462,0.02462,3.723625,2220.0,40.5,165581.0,104641.0,91203.0,13439.0,60939.0,63.2,12.8,166.8,190.33,31.79,78.11,0.02462,0.02462,0.0258100555555555,-1.0,0.12,0.55,11.7,12.0,13.2,2141.0,2141.0,2141.0,3.786665,3.9297565217391295,3.2415000000000003,2,1,1,3.34
0.75,25.33,9.18,18.92,0.02462,0.02462,3.846484210526316,2220.0,40.5,165581.0,104641.0,91203.0,13439.0,60939.0,63.2,12.8,180.94,212.9,31.27,79.18,0.02462,0.02462,0.0252857142857142,-0.89,0.96,0.23,11.7,12.0,13.2,2141.0,2141.0,2141.0,3.885055,4.1165473684210525,3.2792142857142856,3,1,1,3.3
1.03,25.31,9.26,18.99,0.02462,0.02462,3.896157142857143,2220.0,40.9,165934.0,105460.0,92662.0,12797.0,60475.0,63.6,12.1,181.98,171.57,30.79,80.31,0.02462,0.02462,0.02462,0.05,0.54,0.6,12.8,11.7,12.6,2220.0,2141.0,2141.0,3.7416818181818186,3.758409090909091,3.407495238095238,4,2,1,3.36
1.16,25.21,9.12,18.87,0.02462,0.02462,4.001518181818182,2220.0,40.9,165934.0,105460.0,92662.0,12797.0,60475.0,63.6,12.1,195.12,119.39,30.09,78.69,0.02462,0.02462,0.02462,0.29,-1.0,1.37,12.8,11.7,12.6,2220.0,2141.0,2141.0,3.723625,3.786665,3.636057142857143,5,2,1,3.36
-0.19,25.71,8.88,19.15,0.02462,0.02462,3.8588263157894738,2220.0,40.9,165934.0,105460.0,92662.0,12797.0,60475.0,63.6,12.1,202.88,72.52,29.59,74.57,0.02462,0.02462,0.02462,0.75,-0.89,2.49,12.8,11.7,12.6,2220.0,2141.0,2141.0,3.846484210526316,3.885055,3.773171428571428,6,2,0,3.41
0.4,25.68,9.4,19.37,0.02462,0.02462,3.779339130434783,2220.0,41.0,166301.0,105771.0,93191.0,12581.0,60530.0,63.6,11.9,217.59,67.27,28.63,72.31,0.02462,0.02462,0.02462,1.03,0.05,0.89,12.1,12.8,12.0,2220.0,2220.0,2141.0,3.896157142857143,3.7416818181818186,3.828763636363637,7,3,0,3.35
0.6,25.91,9.24,19.53,0.022751,0.022751,4.019981818181818,2220.0,41.0,166301.0,105771.0,93191.0,12581.0,60530.0,63.6,11.9,232.62,42.43,30.02,67.71,0.02462,0.02462,0.02462,1.16,0.29,0.12,12.1,12.8,12.0,2220.0,2220.0,2141.0,4.001518181818182,3.723625,3.9297565217391295,8,3,0,3.44
0.12,25.31,8.6,18.91,0.0220351904761904,0.0220351904761904,4.1215,2220.0,41.0,166301.0,105771.0,93191.0,12581.0,60530.0,63.6,11.9,226.26,47.5,32.09,65.7,0.02462,0.02462,0.02462,-0.19,0.75,0.96,12.1,12.8,12.0,2220.0,2220.0,2141.0,3.8588263157894738,3.846484210526316,4.1165473684210525,9,3,0,3.48
-0.11,24.87,8.99,18.8,0.0207899565217391,0.0207899565217391,4.086986956521739,2220.0,40.7,166670.0,105617.0,93920.0,11698.0,61053.0,63.4,11.1,226.66,84.26,32.48,68.35,0.02462,0.02462,0.02462,0.4,1.03,0.54,11.9,12.1,11.7,2220.0,2220.0,2141.0,3.779339130434783,3.896157142857143,3.758409090909091,10,4,0,3.54
0.97,25.2,8.75,18.94,0.018985,0.018985,4.155345,2220.0,40.7,166670.0,105617.0,93920.0,11698.0,61053.0,63.4,11.1,207.98,115.85,32.47,71.09,0.022751,0.02462,0.02462,0.6,1.16,-1.0,11.9,12.1,11.7,2220.0,2220.0,2141.0,4.019981818181818,4.001518181818182,3.786665,11,4,0,3.53
0.35,23.81,8.33,17.91,0.0178112857142857,0.0178112857142857,4.109590476190476,2220.0,40.7,166670.0,105617.0,93920.0,11698.0,61053.0,63.4,11.1,214.42,133.17,32.43,72.58,0.0220351904761904,0.02462,0.02462,0.12,-0.19,-0.89,11.9,12.1,11.7,2220.0,2220.0,2141.0,4.1215,3.8588263157894738,3.885055,12,4,0,3.54
0.51,23.75,9.71,18.45,0.017089,0.017089,4.149463636363636,2213.0,39.6,167036.0,104448.0,91523.0,12925.0,62588.0,62.5,12.4,174.58,235.66,31.66,78.45,0.0207899565217391,0.02462,0.02462,-0.11,0.4,0.05,11.1,11.9,12.8,2220.0,2220.0,2220.0,4.086986956521739,3.779339130434783,3.7416818181818186,1,1,0,3.51
-0.28,24.5,8.98,18.65,0.0162956666666666,0.0162956666666666,4.341011111111111,2213.0,39.6,167036.0,104448.0,91523.0,12925.0,62588.0,62.5,12.4,161.58,208.46,31.23,80.08,0.018985,0.022751,0.02462,0.97,0.6,0.29,11.1,11.9,12.8,2220.0,2220.0,2220.0,4.155345,4.019981818181818,3.723625,2,1,1,3.57
-0.22,23.84,8.76,18.06,0.0153556363636363,0.0153556363636363,4.883854545454546,2213.0,39.6,167036.0,104448.0,91523.0,12925.0,62588.0,62.5,12.4,167.46,239.06,31.01,80.57,0.0178112857142857,0.0220351904761904,0.02462,0.35,0.12,0.75,11.1,11.9,12.8,2220.0,2220.0,2220.0,4.109590476190476,4.1215,3.846484210526316,3,1,1,3.66
-2.06,22.52,8.85,17.08,0.014227,0.014227,5.32558,2213.0,36.6,167391.0,95589.0,82610.0,12979.0,71802.0,57.1,13.6,173.17,172.01,30.11,80.37,0.017089,0.0207899565217391,0.02462,0.51,-0.11,1.03,12.4,11.1,12.1,2213.0,2220.0,2220.0,4.149463636363636,4.086986956521739,3.896157142857143,4,2,1,3.94
-1.02,22.06,8.28,16.53,0.0117773,0.0117773,5.643445,2213.0,36.6,167391.0,95589.0,82610.0,12979.0,71802.0,57.1,13.6,184.26,131.66,29.28,79.45,0.0162956666666666,0.018985,0.02462,-0.28,0.97,1.16,12.4,11.1,12.1,2213.0,2220.0,2220.0,4.341011111111111,4.155345,4.001518181818182,5,2,1,4.07
0.89,20.9,7.28,15.45,0.0101008571428571,0.0101008571428571,5.1966,2213.0,36.6,167391.0,95589.0,82610.0,12979.0,71802.0,57.1,13.6,195.87,77.89,29.27,76.41,0.0153556363636363,0.0178112857142857,0.02462,-0.22,0.35,-0.19,12.4,11.1,12.1,2213.0,2220.0,2220.0,4.883854545454546,4.109590476190476,3.8588263157894738,6,2,0,3.98
1.23,20.75,6.88,15.26,0.008442,0.008442,5.280191304347826,2213.0,38.1,167744.0,96267.0,81954.0,14313.0,71476.0,57.4,14.9,226.88,57.36,29.51,70.95,0.014227,0.017089,0.02462,-2.06,0.51,0.4,13.6,12.4,11.9,2213.0,2213.0,2220.0,5.32558,4.149463636363636,3.779339130434783,7,3,0,3.62
0.78,20.01,6.93,14.81,0.0076079999999999,0.0076079999999999,5.461233333333333,2213.0,38.1,167744.0,96267.0,81954.0,14313.0,71476.0,57.4,14.9,235.6,36.21,30.53,66.05,0.0117773,0.0162956666666666,0.022751,-1.02,-0.28,0.6,13.6,12.4,11.9,2213.0,2213.0,2220.0,5.643445,4.341011111111111,4.019981818181818,8,3,0,3.46
0.13,19.4,6.09,14.14,0.0074689999999999,0.0074689999999999,5.399485714285714,2213.0,38.1,167744.0,96267.0,81954.0,14313.0,71476.0,57.4,14.9,226.94,40.27,32.63,62.68,0.0101008571428571,0.0153556363636363,0.0220351904761904,0.89,-0.22,0.12,13.6,12.4,11.9,2213.0,2213.0,2220.0,5.1966,4.883854545454546,4.1215,9,3,0,3.3
0.23,19.68,6.3,14.4,0.0074689999999999,0.0074689999999999,5.625790476190476,2213.0,39.1,168086.0,99804.0,85669.0,14135.0,68283.0,59.4,14.2,207.57,89.92,32.91,67.79,0.008442,0.014227,0.0207899565217391,1.23,-2.06,-0.11,14.9,13.6,11.1,2213.0,2213.0,2220.0,5.280191304347826,5.32558,4.086986956521739,10,4,0,3.14
0.41,19.16,6.23,14.13,0.007469,0.007469,5.417835,2213.0,39.1,168086.0,99804.0,85669.0,14135.0,68283.0,59.4,14.2,185.89,140.55,31.66,74.1,0.0076079999999999,0.0117773,0.018985,0.78,-1.02,0.97,14.9,13.6,11.1,2213.0,2213.0,2220.0,5.461233333333333,5.643445,4.155345,11,4,0,3.06
2.04,18.97,6.86,14.29,0.007469,0.007469,5.145586363636364,2213.0,39.1,168086.0,99804.0,85669.0,14135.0,68283.0,59.4,14.2,194.57,152.67,31.7,75.63,0.0074689999999999,0.0101008571428571,0.0178112857142857,0.13,0.89,0.35,14.9,13.6,11.1,2213.0,2213.0,2220.0,5.399485714285714,5.1966,4.109590476190476,12,4,0,2.97
-0.29,19.94,8.55,15.58,0.007469,0.007469,5.356245,2273.0,39.2,168426.0,100476.0,85497.0,14979.0,67950.0,59.7,14.9,181.03,164.37,31.67,75.75,0.0074689999999999,0.008442,0.017089,0.23,1.23,0.51,14.2,14.9,12.4,2213.0,2213.0,2213.0,5.625790476190476,5.280191304347826,4.149463636363636,1,1,0,2.84
1.69,20.18,7.65,15.38,0.007469,0.007469,5.416494444444444,2273.0,39.2,168426.0,100476.0,85497.0,14979.0,67950.0,59.7,14.9,144.88,224.21,30.73,80.06,0.007469,0.0076079999999999,0.0162956666666666,0.41,0.78,-0.28,14.2,14.9,12.4,2213.0,2213.0,2213.0,5.417835,5.461233333333333,4.341011111111111,2,1,1,2.88
2.81,19.99,6.77,14.89,0.0087342173913043,0.0087342173913043,5.646147826086957,2273.0,39.2,168426.0,100476.0,85497.0,14979.0,67950.0,59.7,14.9,186.53,192.13,31.15,78.93,0.007469,0.0074689999999999,0.0153556363636363,2.04,0.13,-0.22,14.2,14.9,12.4,2213.0,2213.0,2213.0,5.145586363636364,5.399485714285714,4.883854545454546,3,1,1,2.92
0.38,19.9,7.01,14.96,0.010379,0.010379,5.562135,2273.0,40.1,168751.0,102315.0,87743.0,14572.0,66436.0,60.6,14.2,186.65,139.93,30.31,78.05,0.007469,0.0074689999999999,0.014227,-0.29,0.23,-2.06,14.9,14.2,13.6,2273.0,2213.0,2213.0,5.356245,5.625790476190476,5.32558,4,2,1,2.87
2.11,19.03,6.91,14.42,0.0128561428571428,0.0128561428571428,5.291057142857143,2273.0,40.1,168751.0,102315.0,87743.0,14572.0,66436.0,60.6,14.2,190.69,91.42,29.41,76.26,0.007469,0.007469,0.0117773,1.69,0.41,-1.02,14.9,14.2,13.6,2273.0,2213.0,2213.0,5.416494444444444,5.417835,5.643445,5,2,1,2.91
0.81,19.01,6.68,14.34,0.0146347142857142,0.0146347142857142,5.031904761904762,2273.0,40.1,168751.0,102315.0,87743.0,14572.0,66436.0,60.6,14.2,184.19,65.11,28.65,75.12,0.0087342173913043,0.007469,0.0101008571428571,2.81,2.04,0.89,14.9,14.2,13.6,2273.0,2213.0,2213.0,5.646147826086957,5.145586363636364,5.1966,6,2,0,2.97
1.68,18.73,7.4,14.49,0.016137,0.016137,5.156704545454546,2273.0,40.7,169089.0,104483.0,91265.0,13218.0,64606.0,61.8,12.7,215.97,52.78,28.93,70.11,0.010379,0.007469,0.008442,0.38,-0.29,1.23,14.2,14.9,14.9,2273.0,2273.0,2213.0,5.562135,5.356245,5.280191304347826,7,3,0,2.87
0.95,18.59,7.16,14.35,0.0194127727272727,0.0194127727272727,5.251718181818182,2273.0,40.7,169089.0,104483.0,91265.0,13218.0,64606.0,61.8,12.7,222.15,47.69,30.33,66.89,0.0128561428571428,0.007469,0.0076079999999999,2.11,1.69,0.78,14.2,14.9,14.9,2273.0,2273.0,2213.0,5.291057142857143,5.416494444444444,5.461233333333333,8,3,0,2.9
1.93,18.67,7.07,14.34,0.0210034285714285,0.0210034285714285,5.279690476190477,2273.0,40.7,169089.0,104483.0,91265.0,13218.0,64606.0,61.8,12.7,209.76,53.46,32.54,66.2,0.0146347142857142,0.0087342173913043,0.0074689999999999,0.81,2.81,0.13,14.2,14.9,14.9,2273.0,2273.0,2213.0,5.031904761904762,5.646147826086957,5.399485714285714,9,3,0,2.92
1.35,19.35,7.76,15.07,0.0242439,0.0242439,5.53998,2273.0,40.8,169428.0,105781.0,93988.0,11793.0,63647.0,62.4,11.1,188.77,127.71,31.2,72.89,0.016137,0.010379,0.0074689999999999,1.68,0.38,0.23,12.7,14.2,14.2,2273.0,2273.0,2213.0,5.156704545454546,5.562135,5.625790476190476,10,4,0,2.97
2.3,19.47,7.97,15.25,0.0292559999999999,0.0292559999999999,5.55686,2273.0,40.8,169428.0,105781.0,93988.0,11793.0,63647.0,62.4,11.1,176.27,174.82,30.95,76.91,0.0194127727272727,0.0128561428571428,0.007469,0.95,2.11,0.41,12.7,14.2,14.2,2273.0,2273.0,2213.0,5.251718181818182,5.291057142857143,5.417835,11,4,0,2.95
0.05,20.19,8.05,15.7,0.0333160434782608,0.0333160434782608,5.651391304347826,2273.0,40.8,169428.0,105781.0,93988.0,11793.0,63647.0,62.4,11.1,159.47,234.06,30.75,79.96,0.0210034285714285,0.0146347142857142,0.007469,1.93,0.81,2.04,12.7,14.2,14.2,2273.0,2273.0,2213.0,5.279690476190477,5.031904761904762,5.145586363636364,12,4,0,2.97
-0.35,20.57,8.69,16.21,0.034749,0.034749,5.534104761904762,2533.0,40.2,169764.0,105248.0,93523.0,11725.0,64516.0,62.0,11.1,169.69,209.13,31.17,80.25,0.0242439,0.016137,0.007469,1.35,1.68,-0.29,11.1,12.7,14.9,2273.0,2273.0,2273.0,5.53998,5.156704545454546,5.356245,1,1,0,3.0
0.12,21.43,8.66,16.76,0.0395975789473684,0.0395975789473684,5.196578947368421,2533.0,40.2,169764.0,105248.0,93523.0,11725.0,64516.0,62.0,11.1,165.27,185.59,31.29,79.81,0.0292559999999999,0.0194127727272727,0.007469,2.3,0.95,1.69,11.1,12.7,14.9,2273.0,2273.0,2273.0,5.55686,5.251718181818182,5.416494444444444,2,1,1,3.21
2.65,21.96,8.23,16.94,0.0419535,0.0419535,4.968381818181818,2533.0,40.2,169764.0,105248.0,93523.0,11725.0,64516.0,62.0,11.1,175.84,212.76,31.04,80.15,0.0333160434782608,0.0210034285714285,0.0087342173913043,0.05,1.93,2.81,11.1,12.7,14.9,2273.0,2273.0,2273.0,5.651391304347826,5.279690476190477,5.646147826086957,3,1,1,3.33
0.55,22.3,8.43,17.24,0.043739,0.043739,4.758015789473684,2533.0,40.0,170087.0,106340.0,96445.0,9895.0,63747.0,62.5,9.3,188.73,147.81,30.58,78.91,0.034749,0.0242439,0.010379,-0.35,1.35,0.38,11.1,11.1,14.2,2533.0,2273.0,2273.0,5.534104761904762,5.53998,5.562135,4,2,1,3.39
-0.51,22.3,8.0,17.09,0.0467962727272727,0.0467962727272727,4.95505,2533.0,40.0,170087.0,106340.0,96445.0,9895.0,63747.0,62.5,9.3,177.52,116.85,28.75,78.11,0.0395975789473684,0.0292559999999999,0.0128561428571428,0.12,2.3,2.11,11.1,11.1,14.2,2533.0,2273.0,2273.0,5.196578947368421,5.55686,5.291057142857143,5,2,1,3.48
0.48,22.68,8.49,17.51,0.0481161428571428,0.0481161428571428,5.049209523809524,2533.0,40.0,170087.0,106340.0,96445.0,9895.0,63747.0,62.5,9.3,180.22,92.3,28.38,77.1,0.0419535,0.0333160434782608,0.0146347142857142,2.65,0.05,0.81,11.1,11.1,14.2,2533.0,2273.0,2273.0,4.968381818181818,5.651391304347826,5.031904761904762,6,2,0,3.59
-4.35,23.26,9.82,18.39,0.049037,0.049037,5.368071428571429,2533.0,39.5,170426.0,106708.0,97435.0,9273.0,63719.0,62.6,8.7,196.83,69.83,29.39,74.0,0.043739,0.034749,0.016137,0.55,-0.35,1.68,9.3,11.1,12.7,2533.0,2533.0,2273.0,4.758015789473684,5.534104761904762,5.156704545454546,7,3,0,3.52
-2.55,24.1,8.66,18.57,0.0505596086956521,0.0505596086956521,5.143286956521739,2533.0,39.5,170426.0,106708.0,97435.0,9273.0,63719.0,62.6,8.7,213.13,52.51,29.71,68.69,0.0467962727272727,0.0395975789473684,0.0194127727272727,-0.51,0.12,0.95,9.3,11.1,12.7,2533.0,2533.0,2273.0,4.95505,5.196578947368421,5.251718181818182,8,3,0,3.65
-1.21,24.08,9.13,18.74,0.050788,0.050788,5.236957142857143,2533.0,39.5,170426.0,106708.0,97435.0,9273.0,63719.0,62.6,8.7,200.06,48.74,30.99,68.89,0.0481161428571428,0.0419535,0.0210034285714285,0.48,2.65,1.93,9.3,11.1,12.7,2533.0,2533.0,2273.0,5.049209523809524,4.968381818181818,5.279690476190477,9,3,0,3.72
0.18,25.71,9.4,19.9,0.050788,0.050788,5.2503,2533.0,38.9,170772.0,105927.0,97517.0,8410.0,64845.0,62.0,7.9,202.58,77.98,31.88,70.11,0.049037,0.043739,0.0242439,-4.35,0.55,1.35,8.7,9.3,11.1,2533.0,2533.0,2273.0,5.368071428571429,4.758015789473684,5.53998,10,4,0,3.74
1.0,25.94,8.56,19.84,0.050788,0.050788,5.274649999999999,2533.0,38.9,170772.0,105927.0,97517.0,8410.0,64845.0,62.0,7.9,174.74,189.16,30.48,76.12,0.0505596086956521,0.0467962727272727,0.0292559999999999,-2.55,-0.51,2.3,8.7,9.3,11.1,2533.0,2533.0,2273.0,5.143286956521739,4.95505,5.55686,11,4,0,3.83
0.27,24.54,8.38,18.85,0.0507879999999999,0.0507879999999999,5.242431818181818,2533.0,38.9,170772.0,105927.0,97517.0,8410.0,64845.0,62.0,7.9,172.56,208.7,30.66,79.66,0.050788,0.0481161428571428,0.0333160434782608,-1.21,0.48,0.05,8.7,9.3,11.1,2533.0,2533.0,2273.0,5.236957142857143,5.049209523809524,5.651391304347826,12,4,0,3.85
0.72,25.09,10.01,19.79,0.0507879999999999,0.0507879999999999,5.200681818181819,2846.0,39.0,171116.0,105225.0,95978.0,9247.0,65891.0,61.5,8.8,173.46,220.1,30.9,81.3,0.050788,0.049037,0.034749,0.18,-4.35,-0.35,7.9,8.7,11.1,2533.0,2533.0,2533.0,5.2503,5.368071428571429,5.534104761904762,1,1,0,3.88
0.84,26.03,9.2,20.19,0.050788,0.050788,5.171688888888889,2846.0,39.0,171116.0,105225.0,95978.0,9247.0,65891.0,61.5,8.8,166.41,148.51,31.62,79.55,0.050788,0.0505596086956521,0.0395975789473684,1.0,-2.55,0.12,7.9,8.7,11.1,2533.0,2533.0,2533.0,5.274649999999999,5.143286956521739,5.196578947368421,2,1,1,4.04
2.33,26.11,9.21,20.3,0.050788,0.050788,5.211460869565218,2846.0,39.0,171116.0,105225.0,95978.0,9247.0,65891.0,61.5,8.8,172.21,191.67,31.31,79.94,0.0507879999999999,0.050788,0.0419535,0.27,-1.21,2.65,7.9,8.7,11.1,2533.0,2533.0,2533.0,5.242431818181818,5.236957142857143,4.968381818181818,3,1,1,4.08
0.86,27.55,9.21,21.29,0.050788,0.050788,5.019733333333333,2846.0,39.2,171445.0,105505.0,97038.0,8468.0,65940.0,61.5,8.0,175.61,140.24,30.25,80.71,0.0507879999999999,0.050788,0.043739,0.72,0.18,0.55,8.8,7.9,9.3,2846.0,2533.0,2533.0,5.200681818181819,5.2503,4.758015789473684,4,2,1,4.03
0.71,27.59,9.36,21.42,0.0507879999999999,0.0507879999999999,4.982836363636364,2846.0,39.2,171445.0,105505.0,97038.0,8468.0,65940.0,61.5,8.0,189.47,100.56,29.67,78.6,0.050788,0.050788,0.0467962727272727,0.84,1.0,-0.51,8.8,7.9,9.3,2846.0,2533.0,2533.0,5.171688888888889,5.274649999999999,4.95505,5,2,1,4.18
0.06,27.25,9.24,21.16,0.050788,0.050788,4.851566666666667,2846.0,39.2,171445.0,105505.0,97038.0,8468.0,65940.0,61.5,8.0,189.19,72.85,28.82,77.04,0.050788,0.0507879999999999,0.0481161428571428,2.33,0.27,0.48,8.8,7.9,9.3,2846.0,2533.0,2533.0,5.211460869565218,5.242431818181818,5.049209523809524,6,2,0,4.25
0.46,26.73,9.56,20.94,0.050788,0.050788,4.800833333333333,2846.0,39.1,171782.0,106087.0,97938.0,8150.0,65694.0,61.8,7.7,215.09,54.04,29.56,72.56,0.050788,0.0507879999999999,0.049037,0.86,0.72,-4.35,8.0,8.8,8.7,2846.0,2846.0,2533.0,5.019733333333333,5.200681818181819,5.368071428571429,7,3,0,4.18
1.26,26.34,9.26,20.59,0.0491892608695652,0.0491892608695652,4.903543478260869,2846.0,39.1,171782.0,106087.0,97938.0,8150.0,65694.0,61.8,7.7,223.29,43.31,31.32,69.77,0.0507879999999999,0.050788,0.0505596086956521,0.71,0.84,-2.55,8.0,8.8,8.7,2846.0,2846.0,2533.0,4.982836363636364,5.171688888888889,5.143286956521739,8,3,0,4.14
1.11,25.9,9.45,20.36,0.0484217,0.0484217,4.93699,2846.0,39.1,171782.0,106087.0,97938.0,8150.0,65694.0,61.8,7.7,216.76,65.5,32.63,67.69,0.050788,0.050788,0.050788,0.06,2.33,-1.21,8.0,8.8,8.7,2846.0,2846.0,2533.0,4.851566666666667,5.211460869565218,5.236957142857143,9,3,0,4.04
-0.03,25.25,9.37,19.91,0.047279,0.047279,5.064842857142857,2846.0,39.2,172115.0,106988.0,99062.0,7926.0,65127.0,62.2,7.4,218.58,88.76,33.07,69.56,0.050788,0.050788,0.050788,0.46,0.86,0.18,7.7,8.0,7.9,2846.0,2846.0,2533.0,4.800833333333333,5.019733333333333,5.2503,10,4,0,3.92
0.16,25.32,9.19,19.94,0.0456013,0.0456013,4.89834,2846.0,39.2,172115.0,106988.0,99062.0,7926.0,65127.0,62.2,7.4,215.31,107.8,33.48,68.63,0.0491892608695652,0.0507879999999999,0.050788,1.26,0.71,1.0,7.7,8.0,7.9,2846.0,2846.0,2533.0,4.903543478260869,4.982836363636364,5.274649999999999,11,4,0,3.89
0.31,24.98,8.5,19.45,0.0445373,0.0445373,4.897245,2846.0,39.2,172115.0,106988.0,99062.0,7926.0,65127.0,62.2,7.4,205.32,131.31,33.02,73.25,0.0484217,0.050788,0.0507879999999999,1.11,0.06,0.27,7.7,8.0,7.9,2846.0,2846.0,2533.0,4.93699,4.851566666666667,5.242431818181818,12,4,0,3.79
